[
  {
    "id": "b1f5b94e-1176-45ca-84ba-8f7ded387fca",
    "incident_type": "Fire",
    "location": "KLE Institute of Technology, Gokul Road / Airport Road, Nehru Nagar, Padmaraj Nagar, Hubli, Hubballi Urban Taluku, Dharwad, Karnataka, 580030, India",
    "description": "A huge fire have been occured at KLEIT",
    "latitude": 15.3522049,
    "longitude": 75.0816881,
    "timestamp": "2025-11-27T12:19:13.126016",
    "image_path": null,
    "is_spam": false,
    "is_duplicate": false,
    "confidence_score": 0.9999999999999999,
    "color": "#FFA500"
  }
]